{
  "results": [
    {
      "command": "cljgo",
      "mean": 0.9540560499000001,
      "stddev": 0.005292824136181464,
      "median": 0.9549492705,
      "user": 1.9241125999999997,
      "system": 0.184906,
      "min": 0.9449457080000001,
      "max": 0.961204708,
      "times": [
        0.956490834,
        0.9541060410000001,
        0.9598965,
        0.9569611250000001,
        0.961204708,
        0.9449457080000001,
        0.953833083,
        0.950708458,
        0.946621542,
        0.9557925
      ],
      "memory_usage_byte": [
        35799040,
        35799040,
        35799040,
        35799040,
        35799040,
        35799040,
        35799040,
        35799040,
        35946496,
        35946496
      ],
      "exit_codes": [
        0,
        0,
        0,
        0,
        0,
        0,
        0,
        0,
        0,
        0
      ]
    },
    {
      "command": "letgo",
      "mean": 1.1591694667,
      "stddev": 0.005476036524578811,
      "median": 1.1589770625,
      "user": 1.1516918999999999,
      "system": 0.0063184,
      "min": 1.151733167,
      "max": 1.168916958,
      "times": [
        1.16081025,
        1.152071291,
        1.1584045,
        1.15538575,
        1.1575207920000001,
        1.168916958,
        1.159549625,
        1.165719834,
        1.1615825,
        1.151733167
      ],
      "memory_usage_byte": [
        35946496,
        35946496,
        35946496,
        35946496,
        35946496,
        35946496,
        35946496,
        35946496,
        35946496,
        35946496
      ],
      "exit_codes": [
        0,
        0,
        0,
        0,
        0,
        0,
        0,
        0,
        0,
        0
      ]
    }
  ]
}
