{
  "results": [
    {
      "command": "cljgo",
      "mean": 0.04477618272,
      "stddev": 0.002890826994283933,
      "median": 0.04504909942,
      "user": 0.10498601999999999,
      "system": 0.016920620000000004,
      "min": 0.040233370420000004,
      "max": 0.04934891242,
      "times": [
        0.04322536942000001,
        0.040233370420000004,
        0.04065441142,
        0.047039287420000006,
        0.04464849542,
        0.04604149542,
        0.04385036942000001,
        0.04934891242,
        0.047270412420000005,
        0.04544970342
      ],
      "memory_usage_byte": [
        31047680,
        31047680,
        31424512,
        31424512,
        31424512,
        31424512,
        31424512,
        31424512,
        31424512,
        31424512
      ],
      "exit_codes": [
        0,
        0,
        0,
        0,
        0,
        0,
        0,
        0,
        0,
        0
      ]
    },
    {
      "command": "let-go",
      "mean": 0.014727511720000003,
      "stddev": 0.0007005886293969042,
      "median": 0.014553369920000002,
      "user": 0.020550119999999998,
      "system": 0.00595242,
      "min": 0.013952828420000002,
      "max": 0.01627928642,
      "times": [
        0.014677953420000002,
        0.014188078420000002,
        0.01552649542,
        0.01627928642,
        0.014864328420000001,
        0.01441699442,
        0.013952828420000002,
        0.01442878642,
        0.01473537042,
        0.01420499542
      ],
      "memory_usage_byte": [
        31424512,
        31424512,
        31424512,
        31424512,
        31424512,
        31424512,
        31424512,
        31424512,
        31424512,
        31424512
      ],
      "exit_codes": [
        0,
        0,
        0,
        0,
        0,
        0,
        0,
        0,
        0,
        0
      ]
    },
    {
      "command": "babashka",
      "mean": 0.014239974120000002,
      "stddev": 0.0013933959520244892,
      "median": 0.01396955742,
      "user": 0.00514482,
      "system": 0.006021419999999999,
      "min": 0.01261649442,
      "max": 0.017407120419999998,
      "times": [
        0.017407120419999998,
        0.015205745420000001,
        0.013863536420000001,
        0.01338861942,
        0.01315570342,
        0.01313349542,
        0.01261649442,
        0.014827119420000002,
        0.01407557842,
        0.014726328420000002
      ],
      "memory_usage_byte": [
        35831808,
        35831808,
        35831808,
        35831808,
        35831808,
        35831808,
        35831808,
        35831808,
        35831808,
        35831808
      ],
      "exit_codes": [
        0,
        0,
        0,
        0,
        0,
        0,
        0,
        0,
        0,
        0
      ]
    },
    {
      "command": "joker",
      "mean": 0.03280414502,
      "stddev": 0.002453175694404079,
      "median": 0.03185501592000001,
      "user": 0.03728352,
      "system": 0.00674192,
      "min": 0.030787370419999998,
      "max": 0.03862295342,
      "times": [
        0.030787370419999998,
        0.033224536420000006,
        0.031403495420000004,
        0.03082128642,
        0.031967245420000005,
        0.03447270342,
        0.03174278642,
        0.03086095342,
        0.03862295342,
        0.03413811942
      ],
      "memory_usage_byte": [
        37158912,
        37158912,
        37634048,
        37634048,
        37634048,
        37634048,
        37634048,
        37634048,
        37634048,
        37634048
      ],
      "exit_codes": [
        0,
        0,
        0,
        0,
        0,
        0,
        0,
        0,
        0,
        0
      ]
    },
    {
      "command": "clojure-jvm",
      "mean": 0.41238036612,
      "stddev": 0.013755638307819975,
      "median": 0.41377428692,
      "user": 0.72628712,
      "system": 0.12274952000000001,
      "min": 0.38834845342,
      "max": 0.43049478742,
      "times": [
        0.41846074542,
        0.41217216142,
        0.43021982842,
        0.41124187042,
        0.38834845342,
        0.39462257842000004,
        0.41537641242,
        0.43049478742,
        0.41900399542,
        0.40386282842
      ],
      "memory_usage_byte": [
        132464640,
        132464640,
        133169152,
        133169152,
        133169152,
        133169152,
        133169152,
        133169152,
        133169152,
        133169152
      ],
      "exit_codes": [
        0,
        0,
        0,
        0,
        0,
        0,
        0,
        0,
        0,
        0
      ]
    }
  ]
}
