{
  "results": [
    {
      "command": "cljgo",
      "mean": 0.7192942760200001,
      "stddev": 0.013495524161749371,
      "median": 0.72061909252,
      "user": 2.16370826,
      "system": 0.27070896,
      "min": 0.68948813452,
      "max": 0.74168925952,
      "times": [
        0.71954588452,
        0.72169230052,
        0.7219775095200001,
        0.71259696752,
        0.73138484252,
        0.71352025952,
        0.71842509252,
        0.74168925952,
        0.68948813452,
        0.7226225095200001
      ],
      "memory_usage_byte": [
        33964032,
        34848768,
        34848768,
        34848768,
        35389440,
        35389440,
        35389440,
        35389440,
        35389440,
        35389440
      ],
      "exit_codes": [
        0,
        0,
        0,
        0,
        0,
        0,
        0,
        0,
        0,
        0
      ]
    },
    {
      "command": "let-go",
      "mean": 0.04563205922000001,
      "stddev": 0.0026682445471116227,
      "median": 0.04568982202000001,
      "user": 0.05566515999999999,
      "system": 0.012178459999999999,
      "min": 0.04199730052,
      "max": 0.05077021752000001,
      "times": [
        0.04734084252000001,
        0.04357930052,
        0.05077021752000001,
        0.045567842520000006,
        0.042500883520000005,
        0.044209384520000006,
        0.047059884520000005,
        0.04199730052,
        0.04581180152000001,
        0.047483134520000005
      ],
      "memory_usage_byte": [
        35389440,
        35389440,
        35389440,
        35389440,
        35389440,
        35389440,
        35389440,
        35389440,
        35389440,
        35389440
      ],
      "exit_codes": [
        0,
        0,
        0,
        0,
        0,
        0,
        0,
        0,
        0,
        0
      ]
    },
    {
      "command": "babashka",
      "mean": 0.022633667519999998,
      "stddev": 0.0017178958858698173,
      "median": 0.022703197020000003,
      "user": 0.01170826,
      "system": 0.007101260000000001,
      "min": 0.020555717520000003,
      "max": 0.02658863452,
      "times": [
        0.022642134520000003,
        0.021361509520000002,
        0.020555717520000003,
        0.02658863452,
        0.021335717520000002,
        0.02303388352,
        0.023249925520000003,
        0.02125488452,
        0.02276425952,
        0.023550008520000002
      ],
      "memory_usage_byte": [
        62308352,
        62308352,
        62308352,
        62324736,
        62324736,
        62324736,
        62324736,
        62324736,
        62324736,
        62324736
      ],
      "exit_codes": [
        0,
        0,
        0,
        0,
        0,
        0,
        0,
        0,
        0,
        0
      ]
    },
    {
      "command": "joker",
      "mean": 1.4848993925200002,
      "stddev": 0.025673734647033757,
      "median": 1.4961468635200001,
      "user": 1.8628658599999999,
      "system": 0.12451736,
      "min": 1.4438773425200002,
      "max": 1.5109964675200003,
      "times": [
        1.50084130052,
        1.4769791755200001,
        1.4520764675200002,
        1.4438773425200002,
        1.4995123005200002,
        1.5109964675200003,
        1.51011638352,
        1.4927814265200001,
        1.45609992652,
        1.50571313452
      ],
      "memory_usage_byte": [
        62324736,
        62324736,
        62324736,
        62324736,
        62324736,
        62324736,
        62324736,
        62324736,
        62324736,
        62324736
      ],
      "exit_codes": [
        0,
        0,
        0,
        0,
        0,
        0,
        0,
        0,
        0,
        0
      ]
    },
    {
      "command": "clojure-jvm",
      "mean": 0.30861438432000005,
      "stddev": 0.017155227554019728,
      "median": 0.31204396751999997,
      "user": 0.44840705999999997,
      "system": 0.07152546,
      "min": 0.28523230152,
      "max": 0.33558334252,
      "times": [
        0.31495725952,
        0.31621480052,
        0.31067325852,
        0.33558334252,
        0.33075775952,
        0.31341467652,
        0.29808575952,
        0.29043655052,
        0.29078813452,
        0.28523230152
      ],
      "memory_usage_byte": [
        139952128,
        139952128,
        139952128,
        139952128,
        140427264,
        140427264,
        140427264,
        140427264,
        140427264,
        140427264
      ],
      "exit_codes": [
        0,
        0,
        0,
        0,
        0,
        0,
        0,
        0,
        0,
        0
      ]
    }
  ]
}
