{
  "results": [
    {
      "command": "cljgo",
      "mean": 0.06875086824000001,
      "stddev": 0.0022700430160032046,
      "median": 0.06874794734,
      "user": 0.12914036,
      "system": 0.01771344,
      "min": 0.06538419684,
      "max": 0.07356657284,
      "times": [
        0.06892540584,
        0.06857048884,
        0.06538419684,
        0.07075953084,
        0.06936986484,
        0.06810136384,
        0.07356657284,
        0.06693986384,
        0.06903503084,
        0.06685636384
      ],
      "memory_usage_byte": [
        32309248,
        32423936,
        32423936,
        32423936,
        32423936,
        32423936,
        32423936,
        32423936,
        32423936,
        32423936
      ],
      "exit_codes": [
        0,
        0,
        0,
        0,
        0,
        0,
        0,
        0,
        0,
        0
      ]
    },
    {
      "command": "let-go",
      "mean": 0.03711708904,
      "stddev": 0.001300378030250246,
      "median": 0.037005197340000004,
      "user": 0.036672060000000006,
      "system": 0.003920740000000001,
      "min": 0.03602182184,
      "max": 0.04029736384,
      "times": [
        0.03804994784000001,
        0.04029736384,
        0.037097780840000004,
        0.03602182184,
        0.03605869784000001,
        0.036261363840000005,
        0.03716378084000001,
        0.03724903084,
        0.036912613840000004,
        0.03605848884000001
      ],
      "memory_usage_byte": [
        32423936,
        32423936,
        32423936,
        32423936,
        32423936,
        32423936,
        32423936,
        32423936,
        32423936,
        32423936
      ],
      "exit_codes": [
        0,
        0,
        0,
        0,
        0,
        0,
        0,
        0,
        0,
        0
      ]
    },
    {
      "command": "babashka",
      "mean": 0.039167572440000006,
      "stddev": 0.0016224842237882009,
      "median": 0.03871063484000001,
      "user": 0.02804816,
      "system": 0.007326540000000001,
      "min": 0.037033196840000004,
      "max": 0.042357488840000006,
      "times": [
        0.03849232284,
        0.039604072840000004,
        0.03854532184000001,
        0.03774519684,
        0.03791198984000001,
        0.03887594784000001,
        0.037033196840000004,
        0.04099790584,
        0.04011228084000001,
        0.042357488840000006
      ],
      "memory_usage_byte": [
        62914560,
        62914560,
        62914560,
        62930944,
        62930944,
        62930944,
        62930944,
        62930944,
        62930944,
        62930944
      ],
      "exit_codes": [
        0,
        0,
        0,
        0,
        0,
        0,
        0,
        0,
        0,
        0
      ]
    },
    {
      "command": "joker",
      "mean": 0.45325886414000005,
      "stddev": 0.008560288237137444,
      "median": 0.45640544734,
      "user": 0.57389946,
      "system": 0.043691139999999996,
      "min": 0.43321428084,
      "max": 0.46187598884000003,
      "times": [
        0.43321428084,
        0.45514811384000003,
        0.45006965584,
        0.44782073884,
        0.45785611484000005,
        0.45993057284000005,
        0.45766278084,
        0.45960448884000005,
        0.44940590584,
        0.46187598884000003
      ],
      "memory_usage_byte": [
        62930944,
        62930944,
        62930944,
        62930944,
        62930944,
        62930944,
        62930944,
        62930944,
        62930944,
        62930944
      ],
      "exit_codes": [
        0,
        0,
        0,
        0,
        0,
        0,
        0,
        0,
        0,
        0
      ]
    },
    {
      "command": "clojure-jvm",
      "mean": 0.41393095184,
      "stddev": 0.010475675699473497,
      "median": 0.41595159334,
      "user": 0.7169872599999999,
      "system": 0.11391594000000001,
      "min": 0.39946423984,
      "max": 0.42785844684,
      "times": [
        0.41954065584,
        0.42044907284000005,
        0.42182923984000004,
        0.40317973884,
        0.42785844684,
        0.41236253084,
        0.39946423984,
        0.40071140584000003,
        0.42523173984,
        0.40868244784
      ],
      "memory_usage_byte": [
        126238720,
        126238720,
        126238720,
        126238720,
        126238720,
        126238720,
        126238720,
        126238720,
        126238720,
        126238720
      ],
      "exit_codes": [
        0,
        0,
        0,
        0,
        0,
        0,
        0,
        0,
        0,
        0
      ]
    }
  ]
}
