{
  "results": [
    {
      "command": "cljgo",
      "mean": 0.9218934815,
      "stddev": 0.016068495550271577,
      "median": 0.9187035981000001,
      "user": 1.4473245399999999,
      "system": 0.10756598000000002,
      "min": 0.9083544316000001,
      "max": 0.9652721816000001,
      "times": [
        0.9220789316000001,
        0.9258255146000001,
        0.9154564736,
        0.9191119316,
        0.9111123066000001,
        0.9189024726000001,
        0.9185047236000001,
        0.9143158476000001,
        0.9652721816000001,
        0.9083544316000001
      ],
      "memory_usage_byte": [
        36126720,
        36126720,
        36126720,
        36126720,
        36126720,
        36126720,
        36126720,
        36126720,
        36126720,
        36126720
      ],
      "exit_codes": [
        0,
        0,
        0,
        0,
        0,
        0,
        0,
        0,
        0,
        0
      ]
    },
    {
      "command": "let-go",
      "mean": 1.2586702149,
      "stddev": 0.03017603457937186,
      "median": 1.2510253276,
      "user": 1.23875594,
      "system": 0.00946948,
      "min": 1.2241642646000002,
      "max": 1.3118642646,
      "times": [
        1.2371057656,
        1.2391709316000001,
        1.2892458066,
        1.2917375156,
        1.3118642646,
        1.2628797236,
        1.2630257646,
        1.2303490146,
        1.2371590976,
        1.2241642646000002
      ],
      "memory_usage_byte": [
        36126720,
        36126720,
        36126720,
        36126720,
        36126720,
        36126720,
        36126720,
        36126720,
        36126720,
        36126720
      ],
      "exit_codes": [
        0,
        0,
        0,
        0,
        0,
        0,
        0,
        0,
        0,
        0
      ]
    },
    {
      "command": "babashka",
      "mean": 1.1383534567,
      "stddev": 0.005582071355749037,
      "median": 1.1392235356000002,
      "user": 1.1167725400000001,
      "system": 0.015154979999999998,
      "min": 1.1314290566,
      "max": 1.1494825986000001,
      "times": [
        1.1314290566,
        1.1352808476,
        1.1494825986000001,
        1.1434559736,
        1.1390294726,
        1.1329264316,
        1.1405015986,
        1.1396435986,
        1.1323673906,
        1.1394175986000001
      ],
      "memory_usage_byte": [
        81231872,
        81231872,
        81231872,
        81231872,
        81231872,
        81231872,
        81231872,
        81248256,
        81248256,
        81248256
      ],
      "exit_codes": [
        0,
        0,
        0,
        0,
        0,
        0,
        0,
        0,
        0,
        0
      ]
    },
    {
      "command": "joker",
      "mean": 12.400242235700002,
      "stddev": 0.19352024417332953,
      "median": 12.3994716606,
      "user": 15.797095739999998,
      "system": 1.07938498,
      "min": 12.1362151816,
      "max": 12.729989597600001,
      "times": [
        12.729989597600001,
        12.6770985986,
        12.4460278066,
        12.2435557236,
        12.2702104316,
        12.2291945146,
        12.1362151816,
        12.4654012646,
        12.352915514600001,
        12.4518137236
      ],
      "memory_usage_byte": [
        81248256,
        81248256,
        81248256,
        81248256,
        81248256,
        81248256,
        81248256,
        81248256,
        81248256,
        81248256
      ],
      "exit_codes": [
        0,
        0,
        0,
        0,
        0,
        0,
        0,
        0,
        0,
        0
      ]
    },
    {
      "command": "clojure-jvm",
      "mean": 0.49197693980000007,
      "stddev": 0.0072242653723425315,
      "median": 0.4917799726,
      "user": 0.83942304,
      "system": 0.13277707999999996,
      "min": 0.48319880660000003,
      "max": 0.5059704736,
      "times": [
        0.4844234316,
        0.4844047646,
        0.5059704736,
        0.49751626460000004,
        0.48319880660000003,
        0.4963965986,
        0.4884186816,
        0.4932374726,
        0.4958804316,
        0.4903224726
      ],
      "memory_usage_byte": [
        126713856,
        126713856,
        126713856,
        126713856,
        126713856,
        126713856,
        128811008,
        128811008,
        128811008,
        128811008
      ],
      "exit_codes": [
        0,
        0,
        0,
        0,
        0,
        0,
        0,
        0,
        0,
        0
      ]
    }
  ]
}
