{
  "results": [
    {
      "command": "cljgo",
      "mean": 0.03246518938,
      "stddev": 0.003519787786485594,
      "median": 0.03123028548,
      "user": 0.06352232,
      "system": 0.010637940000000002,
      "min": 0.029039409980000003,
      "max": 0.03880820198,
      "times": [
        0.029039409980000003,
        0.037740534980000004,
        0.032538243980000006,
        0.029752826979999997,
        0.03451053498000001,
        0.029823201980000002,
        0.03263599298,
        0.02988061898,
        0.03880820198,
        0.02992232698
      ],
      "memory_usage_byte": [
        24920064,
        24920064,
        24920064,
        25116672,
        25116672,
        25116672,
        25116672,
        25116672,
        25116672,
        25722880
      ],
      "exit_codes": [
        0,
        0,
        0,
        0,
        0,
        0,
        0,
        0,
        0,
        0
      ]
    },
    {
      "command": "let-go",
      "mean": 0.00511625978,
      "stddev": 0.0011509785488482591,
      "median": 0.004702867979999999,
      "user": 0.0031015199999999995,
      "system": 0.0014710399999999998,
      "min": 0.004005867979999999,
      "max": 0.007208493979999999,
      "times": [
        0.004786034979999999,
        0.00420911798,
        0.005906200979999998,
        0.004619700979999999,
        0.007208493979999999,
        0.004010117979999998,
        0.006046075979999999,
        0.00408728498,
        0.006283701979999999,
        0.004005867979999999
      ],
      "memory_usage_byte": [
        25722880,
        25722880,
        25722880,
        25722880,
        25722880,
        25722880,
        25722880,
        25722880,
        25722880,
        25722880
      ],
      "exit_codes": [
        0,
        0,
        0,
        0,
        0,
        0,
        0,
        0,
        0,
        0
      ]
    },
    {
      "command": "babashka",
      "mean": 0.01239371418,
      "stddev": 0.0016369656325702002,
      "median": 0.01203963948,
      "user": 0.00403132,
      "system": 0.00563184,
      "min": 0.01063540998,
      "max": 0.01598503498,
      "times": [
        0.01598503498,
        0.01139303498,
        0.01068586798,
        0.01063540998,
        0.01428490998,
        0.012383159979999999,
        0.011897201980000001,
        0.011859576979999998,
        0.012630867979999998,
        0.012182076979999998
      ],
      "memory_usage_byte": [
        30736384,
        30736384,
        30736384,
        30736384,
        30736384,
        30736384,
        30736384,
        30736384,
        30736384,
        30736384
      ],
      "exit_codes": [
        0,
        0,
        0,
        0,
        0,
        0,
        0,
        0,
        0,
        0
      ]
    },
    {
      "command": "joker",
      "mean": 0.009599897579999999,
      "stddev": 0.0008460273282736334,
      "median": 0.009287409979999998,
      "user": 0.006971420000000001,
      "system": 0.00337724,
      "min": 0.00864261798,
      "max": 0.01089449398,
      "times": [
        0.01086728498,
        0.009310534979999998,
        0.009264284979999999,
        0.01032445198,
        0.00883607698,
        0.00904828498,
        0.01089449398,
        0.00993395098,
        0.00864261798,
        0.00887699398
      ],
      "memory_usage_byte": [
        30736384,
        30736384,
        30736384,
        30736384,
        30736384,
        30736384,
        30736384,
        30736384,
        30736384,
        30736384
      ],
      "exit_codes": [
        0,
        0,
        0,
        0,
        0,
        0,
        0,
        0,
        0,
        0
      ]
    },
    {
      "command": "clojure-jvm",
      "mean": 0.34862875998,
      "stddev": 0.014760119569902906,
      "median": 0.34568659747999997,
      "user": 0.5097118199999999,
      "system": 0.08804914,
      "min": 0.32520190998,
      "max": 0.37581507598,
      "times": [
        0.32520190998,
        0.37581507598,
        0.34972857698,
        0.33731070098,
        0.36943186898,
        0.34548086798,
        0.35228853498,
        0.34589232698,
        0.34076278498,
        0.34437495198
      ],
      "memory_usage_byte": [
        111902720,
        111902720,
        111902720,
        111902720,
        111902720,
        111902720,
        111902720,
        111902720,
        112394240,
        112394240
      ],
      "exit_codes": [
        0,
        0,
        0,
        0,
        0,
        0,
        0,
        0,
        0,
        0
      ]
    }
  ]
}
