{
  "results": [
    {
      "command": "cljgo",
      "mean": 0.0669946377,
      "stddev": 0.0015207822695714544,
      "median": 0.066852625,
      "user": 0.13434770000000001,
      "system": 0.018556,
      "min": 0.06502000000000001,
      "max": 0.06986608400000001,
      "times": [
        0.06502000000000001,
        0.066077625,
        0.066577458,
        0.06805204200000001,
        0.068671459,
        0.06986608400000001,
        0.067127792,
        0.06584345800000001,
        0.065470584,
        0.067239875
      ],
      "memory_usage_byte": [
        32342016,
        32342016,
        32342016,
        32342016,
        32342016,
        32342016,
        32342016,
        32342016,
        32342016,
        32342016
      ],
      "exit_codes": [
        0,
        0,
        0,
        0,
        0,
        0,
        0,
        0,
        0,
        0
      ]
    },
    {
      "command": "letgo",
      "mean": 0.0371648834,
      "stddev": 0.0005043533531455454,
      "median": 0.0370617085,
      "user": 0.03726329999999999,
      "system": 0.0038696999999999994,
      "min": 0.036709083,
      "max": 0.038474791,
      "times": [
        0.036768792,
        0.036709083,
        0.037284750000000005,
        0.036951000000000005,
        0.036868875,
        0.037111667,
        0.037049625,
        0.037073792,
        0.037356459,
        0.038474791
      ],
      "memory_usage_byte": [
        32342016,
        32342016,
        32342016,
        32342016,
        32342016,
        32342016,
        32342016,
        32342016,
        32342016,
        32342016
      ],
      "exit_codes": [
        0,
        0,
        0,
        0,
        0,
        0,
        0,
        0,
        0,
        0
      ]
    }
  ]
}
