{
  "results": [
    {
      "command": "cljgo",
      "mean": 0.04308532080000001,
      "stddev": 0.001026906667877293,
      "median": 0.0430303955,
      "user": 0.1036724,
      "system": 0.016505799999999998,
      "min": 0.041656625,
      "max": 0.044803833,
      "times": [
        0.042223792,
        0.041895458000000003,
        0.042834291000000004,
        0.043280792000000005,
        0.041656625,
        0.0432265,
        0.042797792,
        0.043745417,
        0.044388708000000006,
        0.044803833
      ],
      "memory_usage_byte": [
        30801920,
        30801920,
        30801920,
        30801920,
        30801920,
        30801920,
        31080448,
        31080448,
        31080448,
        31080448
      ],
      "exit_codes": [
        0,
        0,
        0,
        0,
        0,
        0,
        0,
        0,
        0,
        0
      ]
    },
    {
      "command": "letgo",
      "mean": 0.0139557123,
      "stddev": 0.0010223129229672233,
      "median": 0.013873417,
      "user": 0.020693999999999997,
      "system": 0.005639300000000001,
      "min": 0.013047791000000001,
      "max": 0.016615333,
      "times": [
        0.013950834,
        0.014109958,
        0.013361041,
        0.014210167000000001,
        0.013984916,
        0.013149125000000001,
        0.013047791000000001,
        0.013331958000000001,
        0.013796000000000001,
        0.016615333
      ],
      "memory_usage_byte": [
        31080448,
        31080448,
        31080448,
        31080448,
        31080448,
        31080448,
        31080448,
        31080448,
        31080448,
        31080448
      ],
      "exit_codes": [
        0,
        0,
        0,
        0,
        0,
        0,
        0,
        0,
        0,
        0
      ]
    }
  ]
}
