{
  "results": [
    {
      "command": "cljgo",
      "mean": 0.680429871,
      "stddev": 0.016057341018104562,
      "median": 0.673935521,
      "user": 2.0854531,
      "system": 0.2601721,
      "min": 0.665109542,
      "max": 0.703150209,
      "times": [
        0.667073334,
        0.7017494160000001,
        0.698064417,
        0.703150209,
        0.67656225,
        0.66570275,
        0.665109542,
        0.665608458,
        0.671308792,
        0.689969542
      ],
      "memory_usage_byte": [
        34439168,
        34439168,
        34439168,
        34439168,
        34439168,
        34439168,
        34439168,
        34439168,
        34439168,
        34439168
      ],
      "exit_codes": [
        0,
        0,
        0,
        0,
        0,
        0,
        0,
        0,
        0,
        0
      ]
    },
    {
      "command": "letgo",
      "mean": 0.0411433249,
      "stddev": 0.0003973096226553598,
      "median": 0.0409565625,
      "user": 0.050482099999999995,
      "system": 0.010252500000000001,
      "min": 0.040674459,
      "max": 0.041862083,
      "times": [
        0.0408415,
        0.040917541,
        0.041862083,
        0.040674459,
        0.040871083,
        0.040995584,
        0.041306041,
        0.040876333,
        0.041428375,
        0.04166025
      ],
      "memory_usage_byte": [
        34439168,
        34439168,
        34439168,
        34439168,
        34439168,
        34439168,
        34439168,
        34439168,
        34439168,
        34439168
      ],
      "exit_codes": [
        0,
        0,
        0,
        0,
        0,
        0,
        0,
        0,
        0,
        0
      ]
    }
  ]
}
