{
  "results": [
    {
      "command": "cljgo",
      "mean": 0.9227519750000001,
      "stddev": 0.014848003989398848,
      "median": 0.9182578335,
      "user": 1.4473055,
      "system": 0.101227,
      "min": 0.9099376250000001,
      "max": 0.9559160000000001,
      "times": [
        0.9176855420000001,
        0.9149285,
        0.925343792,
        0.9559160000000001,
        0.9115102920000001,
        0.918830125,
        0.9099376250000001,
        0.9107288330000001,
        0.9214859580000001,
        0.9411530830000001
      ],
      "memory_usage_byte": [
        35684352,
        35684352,
        35684352,
        35946496,
        35946496,
        36012032,
        36012032,
        36012032,
        36012032,
        36012032
      ],
      "exit_codes": [
        0,
        0,
        0,
        0,
        0,
        0,
        0,
        0,
        0,
        0
      ]
    },
    {
      "command": "letgo",
      "mean": 1.2433525459,
      "stddev": 0.007764823598766474,
      "median": 1.2426519164999998,
      "user": 1.2358155,
      "system": 0.005990799999999999,
      "min": 1.230375042,
      "max": 1.254172917,
      "times": [
        1.241307333,
        1.2520389170000001,
        1.238095,
        1.230375042,
        1.247811917,
        1.235061375,
        1.254172917,
        1.2439965,
        1.2504795,
        1.240186958
      ],
      "memory_usage_byte": [
        36012032,
        36012032,
        36012032,
        36012032,
        36012032,
        36012032,
        36012032,
        36012032,
        36012032,
        36012032
      ],
      "exit_codes": [
        0,
        0,
        0,
        0,
        0,
        0,
        0,
        0,
        0,
        0
      ]
    }
  ]
}
