{
  "results": [
    {
      "command": "transducers BEFORE",
      "mean": 0.15466940420000003,
      "stddev": 0.00162809663692654,
      "median": 0.1541108335,
      "user": 0.4335,
      "system": 0.0568186,
      "min": 0.15350033300000002,
      "max": 0.159029,
      "times": [
        0.154315,
        0.153744625,
        0.153750042,
        0.153906667,
        0.15387075,
        0.155247208,
        0.15443725,
        0.15350033300000002,
        0.154893167,
        0.159029
      ],
      "memory_usage_byte": [
        33570816,
        33832960,
        33832960,
        33832960,
        33832960,
        33832960,
        33832960,
        33832960,
        33832960,
        33832960
      ],
      "exit_codes": [
        0,
        0,
        0,
        0,
        0,
        0,
        0,
        0,
        0,
        0
      ]
    },
    {
      "command": "transducers AFTER",
      "mean": 0.10105625010000001,
      "stddev": 0.0007901577792375739,
      "median": 0.10096247950000001,
      "user": 0.26051030000000003,
      "system": 0.0347728,
      "min": 0.09950737500000001,
      "max": 0.10244945800000001,
      "times": [
        0.10162554200000001,
        0.10244945800000001,
        0.100885708,
        0.100779875,
        0.10050795800000001,
        0.10091245900000001,
        0.1010125,
        0.10110129200000001,
        0.101780334,
        0.09950737500000001
      ],
      "memory_usage_byte": [
        33832960,
        33832960,
        33832960,
        33832960,
        33832960,
        33832960,
        33832960,
        33832960,
        33832960,
        33832960
      ],
      "exit_codes": [
        0,
        0,
        0,
        0,
        0,
        0,
        0,
        0,
        0,
        0
      ]
    },
    {
      "command": "transducers let-go",
      "mean": 0.025867987500000005,
      "stddev": 0.0002790432031425525,
      "median": 0.0258991665,
      "user": 0.0242869,
      "system": 0.0028945,
      "min": 0.025193875,
      "max": 0.026152834000000003,
      "times": [
        0.025827083,
        0.026152834000000003,
        0.026106083000000002,
        0.025751667000000002,
        0.02597125,
        0.025193875,
        0.026064875,
        0.025824167000000002,
        0.0257515,
        0.026036541000000003
      ],
      "memory_usage_byte": [
        33832960,
        33832960,
        33832960,
        33832960,
        33832960,
        33832960,
        33832960,
        33832960,
        33832960,
        33832960
      ],
      "exit_codes": [
        0,
        0,
        0,
        0,
        0,
        0,
        0,
        0,
        0,
        0
      ]
    },
    {
      "command": "map-filter BEFORE",
      "mean": 0.0286455918,
      "stddev": 0.0008857955073057592,
      "median": 0.028555438000000002,
      "user": 0.05554089999999999,
      "system": 0.009687999999999999,
      "min": 0.027234875000000002,
      "max": 0.029953042000000003,
      "times": [
        0.028786875000000003,
        0.028734042,
        0.029953042000000003,
        0.027845083000000003,
        0.028376834,
        0.029531333000000003,
        0.028154250000000002,
        0.027234875000000002,
        0.028069792000000003,
        0.029769792000000003
      ],
      "memory_usage_byte": [
        33832960,
        33832960,
        33832960,
        33832960,
        33832960,
        33832960,
        33832960,
        33832960,
        33832960,
        33832960
      ],
      "exit_codes": [
        0,
        0,
        0,
        0,
        0,
        0,
        0,
        0,
        0,
        0
      ]
    },
    {
      "command": "map-filter AFTER",
      "mean": 0.029067145800000006,
      "stddev": 0.0007958111159760632,
      "median": 0.028919729,
      "user": 0.05665610000000001,
      "system": 0.0099148,
      "min": 0.027943167,
      "max": 0.030500000000000003,
      "times": [
        0.029879416000000002,
        0.029060500000000003,
        0.028154625000000003,
        0.028778958,
        0.028689125000000003,
        0.030500000000000003,
        0.028608042,
        0.029410667,
        0.027943167,
        0.029646958
      ],
      "memory_usage_byte": [
        33832960,
        33832960,
        33832960,
        33832960,
        33832960,
        33832960,
        33832960,
        33832960,
        33832960,
        33832960
      ],
      "exit_codes": [
        0,
        0,
        0,
        0,
        0,
        0,
        0,
        0,
        0,
        0
      ]
    },
    {
      "command": "map-filter let-go",
      "mean": 0.0050175707000000005,
      "stddev": 0.00031246324172009947,
      "median": 0.004864541,
      "user": 0.0030088,
      "system": 0.0014611,
      "min": 0.00472175,
      "max": 0.005550541,
      "times": [
        0.005550541,
        0.004844666,
        0.005541375,
        0.0049301250000000005,
        0.00477975,
        0.005251625,
        0.00472175,
        0.004832917,
        0.004884416,
        0.004838542
      ],
      "memory_usage_byte": [
        33832960,
        33832960,
        33832960,
        33832960,
        33832960,
        33832960,
        33832960,
        33832960,
        33832960,
        33832960
      ],
      "exit_codes": [
        0,
        0,
        0,
        0,
        0,
        0,
        0,
        0,
        0,
        0
      ]
    },
    {
      "command": "persistent-map BEFORE",
      "mean": 0.0401291836,
      "stddev": 0.0006065912294744928,
      "median": 0.03996643800000001,
      "user": 0.09451050000000001,
      "system": 0.015451399999999999,
      "min": 0.039440750000000004,
      "max": 0.041197042,
      "times": [
        0.039440750000000004,
        0.03988825,
        0.040913667,
        0.041197042,
        0.04071475,
        0.039503959000000005,
        0.04004925,
        0.039651292000000005,
        0.039932417000000005,
        0.040000459
      ],
      "memory_usage_byte": [
        33832960,
        33832960,
        33832960,
        33832960,
        33832960,
        33832960,
        33832960,
        33832960,
        33832960,
        33832960
      ],
      "exit_codes": [
        0,
        0,
        0,
        0,
        0,
        0,
        0,
        0,
        0,
        0
      ]
    },
    {
      "command": "persistent-map AFTER",
      "mean": 0.033493875,
      "stddev": 0.001059294927084258,
      "median": 0.0334350415,
      "user": 0.07459009999999999,
      "system": 0.0129597,
      "min": 0.032035208,
      "max": 0.0351215,
      "times": [
        0.0351215,
        0.034941208,
        0.033789084000000004,
        0.032849917,
        0.032606750000000004,
        0.033593916,
        0.033276167,
        0.032401625,
        0.034323375,
        0.032035208
      ],
      "memory_usage_byte": [
        33832960,
        33832960,
        33832960,
        33832960,
        33832960,
        33832960,
        33832960,
        33832960,
        33832960,
        33832960
      ],
      "exit_codes": [
        0,
        0,
        0,
        0,
        0,
        0,
        0,
        0,
        0,
        0
      ]
    },
    {
      "command": "persistent-map let-go",
      "mean": 0.013081904100000003,
      "stddev": 0.0006182995602130537,
      "median": 0.013115312,
      "user": 0.0190795,
      "system": 0.0051889,
      "min": 0.012271416,
      "max": 0.014410334,
      "times": [
        0.012587333000000001,
        0.012271416,
        0.012685458,
        0.013218959,
        0.013173291,
        0.012532542,
        0.01356275,
        0.013057333,
        0.014410334,
        0.013319625000000002
      ],
      "memory_usage_byte": [
        33832960,
        33832960,
        33832960,
        33832960,
        33832960,
        33832960,
        33832960,
        33832960,
        33832960,
        33832960
      ],