{
  "results": [
    {
      "command": "core/reduce  (interpreted)",
      "mean": 0.7001807957,
      "stddev": 0.018975320757124953,
      "median": 0.7019061875000001,
      "user": 2.1308319,
      "system": 0.2656504,
      "min": 0.66791625,
      "max": 0.731497666,
      "times": [
        0.719985834,
        0.6987810000000001,
        0.7114944160000001,
        0.7051745410000001,
        0.6956285830000001,
        0.6880111670000001,
        0.66791625,
        0.678287125,
        0.731497666,
        0.705031375
      ],
      "memory_usage_byte": [
        33964032,
        33964032,
        33964032,
        33964032,
        34013184,
        34013184,
        34013184,
        34013184,
        34455552,
        34455552
      ],
      "exit_codes": [
        0,
        0,
        0,
        0,
        0,
        0,
        0,
        0,
        0,
        0
      ]
    },
    {
      "command": "my-reduce    (compiled)   ",
      "mean": 0.12004299170000002,
      "stddev": 0.0022848898855820894,
      "median": 0.12002685400000002,
      "user": 0.30085149999999994,
      "system": 0.03974769999999999,
      "min": 0.11627158300000001,
      "max": 0.123495959,
      "times": [
        0.11627158300000001,
        0.119206,
        0.118393833,
        0.11957170800000001,
        0.120482,
        0.12216816700000001,
        0.11742595900000001,
        0.121930333,
        0.121484375,
        0.123495959
      ],
      "memory_usage_byte": [
        34455552,
        34455552,
        34455552,
        34455552,
        34455552,
        34455552,
        34455552,
        34455552,
        34455552,
        34455552
      ],
      "exit_codes": [
        0,
        0,
        0,
        0,
        0,
        0,
        0,
        0,
        0,
        0
      ]
    }
  ]
}
