{
  "results": [
    {
      "command": "cljgo",
      "mean": 0.17178358072,
      "stddev": 0.009325620550320405,
      "median": 0.16945753102,
      "user": 0.4776135,
      "system": 0.06275481999999999,
      "min": 0.16153794702000002,
      "max": 0.18679353102000001,
      "times": [
        0.17985403102,
        0.17787461402000002,
        0.16933815602,
        0.18248198902,
        0.16957690602,
        0.16191790502,
        0.16153794702000002,
        0.16163603002000002,
        0.16682469802,
        0.18679353102000001
      ],
      "memory_usage_byte": [
        33996800,
        33996800,
        33996800,
        33996800,
        33996800,
        33996800,
        33996800,
        33996800,
        33996800,
        33996800
      ],
      "exit_codes": [
        0,
        0,
        0,
        0,
        0,
        0,
        0,
        0,
        0,
        0
      ]
    },
    {
      "command": "let-go",
      "mean": 0.027871455619999996,
      "stddev": 0.0017689431342887065,
      "median": 0.02776773902,
      "user": 0.0247007,
      "system": 0.003403319999999999,
      "min": 0.02503169802,
      "max": 0.03137765602,
      "times": [
        0.027633489020000002,
        0.02738532302,
        0.03137765602,
        0.025921030020000003,
        0.027500197020000002,
        0.02503169802,
        0.02970228002,
        0.027901989020000004,
        0.027926947020000002,
        0.02833394702
      ],
      "memory_usage_byte": [
        33996800,
        33996800,
        33996800,
        33996800,
        33996800,
        33996800,
        33996800,
        33996800,
        33996800,
        33996800
      ],
      "exit_codes": [
        0,
        0,
        0,
        0,
        0,
        0,
        0,
        0,
        0,
        0
      ]
    },
    {
      "command": "babashka",
      "mean": 0.01566240982,
      "stddev": 0.0026787010973272434,
      "median": 0.01500886402,
      "user": 0.0063814,
      "system": 0.00592282,
      "min": 0.013840656020000001,
      "max": 0.02313923902,
      "times": [
        0.013840656020000001,
        0.01566815602,
        0.01514119702,
        0.014681197020000002,
        0.01499207202,
        0.01502565602,
        0.01431507202,
        0.01531144702,
        0.02313923902,
        0.01450940602
      ],
      "memory_usage_byte": [
        36323328,
        36323328,
        36323328,
        36323328,
        36323328,
        36323328,
        36323328,
        36323328,
        36356096,
        36356096
      ],
      "exit_codes": [
        0,
        0,
        0,
        0,
        0,
        0,
        0,
        0,
        0,
        0
      ]
    },
    {
      "command": "clojure-jvm",
      "mean": 0.35520044732000006,
      "stddev": 0.019800512661468216,
      "median": 0.35380278052,
      "user": 0.5174348000000001,
      "system": 0.08824401999999999,
      "min": 0.32343773902000006,
      "max": 0.40274457302000005,
      "times": [
        0.34914323902000005,
        0.34552711402,
        0.35601653102,
        0.36001857202000004,
        0.35813890602000004,
        0.35158903002,
        0.34674257202000003,
        0.32343773902000006,
        0.40274457302000005,
        0.35864619702000006
      ],
      "memory_usage_byte": [
        116113408,
        116113408,
        116113408,
        116113408,
        116113408,
        116113408,
        116113408,
        116113408,
        116113408,
        116113408
      ],
      "exit_codes": [
        0,
        0,
        0,
        0,
        0,
        0,
        0,
        0,
        0,
        0
      ]
    }
  ]
}
