{
  "results": [
    {
      "command": "cljgo",
      "mean": 0.9615907226399999,
      "stddev": 0.02390037307644686,
      "median": 0.95473144754,
      "user": 1.95355886,
      "system": 0.19096808000000004,
      "min": 0.93846242704,
      "max": 1.01428263504,
      "times": [
        1.01428263504,
        0.97368455204,
        0.98277617704,
        0.95199742704,
        0.95746546804,
        0.93846242704,
        0.94037734304,
        0.96806351004,
        0.9490105520400001,
        0.93978713504
      ],
      "memory_usage_byte": [
        35815424,
        35815424,
        35815424,
        35815424,
        35815424,
        35815424,
        35815424,
        35815424,
        35815424,
        35815424
      ],
      "exit_codes": [
        0,
        0,
        0,
        0,
        0,
        0,
        0,
        0,
        0,
        0
      ]
    },
    {
      "command": "let-go",
      "mean": 1.15050576434,
      "stddev": 0.008000040144649643,
      "median": 1.15090021854,
      "user": 1.14241256,
      "system": 0.006509079999999999,
      "min": 1.13602221904,
      "max": 1.16685813504,
      "times": [
        1.13602221904,
        1.1475030930399999,
        1.16685813504,
        1.14705401004,
        1.14449676004,
        1.15094151004,
        1.15364055204,
        1.15085892704,
        1.15600938504,
        1.15167305204
      ],
      "memory_usage_byte": [
        35815424,
        35815424,
        35815424,
        35815424,
        35815424,
        35815424,
        35815424,
        35815424,
        35815424,
        35815424
      ],
      "exit_codes": [
        0,
        0,
        0,
        0,
        0,
        0,
        0,
        0,
        0,
        0
      ]
    },
    {
      "command": "babashka",
      "mean": 1.1680676475399998,
      "stddev": 0.06298096547302064,
      "median": 1.14405957254,
      "user": 1.14317786,
      "system": 0.01624828,
      "min": 1.12869734304,
      "max": 1.3355107180399999,
      "times": [
        1.3355107180399999,
        1.1376388850399999,
        1.12869734304,
        1.13638126004,
        1.14631309304,
        1.14180605204,
        1.13133155204,
        1.15035530204,
        1.20489126004,
        1.16775101004
      ],
      "memory_usage_byte": [
        81199104,
        81199104,
        81199104,
        81199104,
        81199104,
        81199104,
        81199104,
        81215488,
        81215488,
        81215488
      ],
      "exit_codes": [
        0,
        0,
        0,
        0,
        0,
        0,
        0,
        0,
        0,
        0
      ]
    },
    {
      "command": "joker",
      "mean": 13.16382021844,
      "stddev": 0.30127420255668236,
      "median": 13.10099948904,
      "user": 16.460059160000004,
      "system": 1.0632920799999996,
      "min": 12.871505385039999,
      "max": 13.925051677039999,
      "times": [
        13.18011559404,
        13.266396801039999,
        13.16487430104,
        13.01085809404,
        13.925051677039999,
        13.268988260039999,
        13.03712467704,
        12.871505385039999,
        13.00579496804,
        12.90749242704
      ],
      "memory_usage_byte": [
        81215488,
        81215488,
        81215488,
        81215488,
        81215488,
        81215488,
        81215488,
        81215488,
        81215488,
        81215488
      ],
      "exit_codes": [
        0,
        0,
        0,
        0,
        0,
        0,
        0,
        0,
        0,
        0
      ]
    },
    {
      "command": "clojure-jvm",
      "mean": 0.44293362234,
      "stddev": 0.01630498532388058,
      "median": 0.44712261404000003,
      "user": 0.75512476,
      "system": 0.11229428000000001,
      "min": 0.41022559304000006,
      "max": 0.46010246804000005,
      "times": [
        0.41022559304000006,
        0.42612571804000005,
        0.45821688504,
        0.42780484304000005,
        0.45347276004000003,
        0.44625263504,
        0.45443567604,
        0.44799259304000005,
        0.44470705204000005,
        0.46010246804000005
      ],
      "memory_usage_byte": [
        130629632,
        130875392,
        130875392,
        130875392,
        130875392,
        130875392,
        130875392,
        130875392,
        130875392,
        130875392
      ],
      "exit_codes": [
        0,
        0,
        0,
        0,
        0,
        0,
        0,
        0,
        0,
        0
      ]
    }
  ]
}
