{
  "results": [
    {
      "command": "cljgo",
      "mean": 0.028043424280000007,
      "stddev": 0.0004487234624217655,
      "median": 0.028088778780000004,
      "user": 0.05264909999999999,
      "system": 0.0093472,
      "min": 0.027357236280000002,
      "max": 0.028663070280000005,
      "times": [
        0.028663070280000005,
        0.027989612280000003,
        0.02830507028,
        0.028569695279999998,
        0.027560695280000002,
        0.02833390328,
        0.028187945280000005,
        0.02753519528,
        0.027931819280000002,
        0.027357236280000002
      ],
      "memory_usage_byte": [
        24576000,
        24576000,
        24576000,
        24576000,
        24576000,
        24576000,
        24576000,
        24576000,
        25116672,
        25116672
      ],
      "exit_codes": [
        0,
        0,
        0,
        0,
        0,
        0,
        0,
        0,
        0,
        0
      ]
    },
    {
      "command": "let-go",
      "mean": 0.00494189498,
      "stddev": 0.0008976579041726124,
      "median": 0.00483938228,
      "user": 0.0030872,
      "system": 0.0014002,
      "min": 0.00393073628,
      "max": 0.006677153280000001,
      "times": [
        0.006677153280000001,
        0.00576761128,
        0.00551740328,
        0.0053645702800000005,
        0.0051154862800000004,
        0.004563278280000001,
        0.00417269528,
        0.004046987280000001,
        0.00393073628,
        0.004263028280000001
      ],
      "memory_usage_byte": [
        25116672,
        25116672,
        25116672,
        25116672,
        25116672,
        25116672,
        25116672,
        25116672,
        25116672,
        25116672
      ],
      "exit_codes": [
        0,
        0,
        0,
        0,
        0,
        0,
        0,
        0,
        0,
        0
      ]
    },
    {
      "command": "babashka",
      "mean": 0.010525499080000002,
      "stddev": 0.0005751541049225754,
      "median": 0.01059819478,
      "user": 0.0035161,
      "system": 0.004754899999999999,
      "min": 0.009610445280000001,
      "max": 0.011580945280000001,
      "times": [
        0.01074394428,
        0.009610445280000001,
        0.010809653280000001,
        0.010577028280000001,
        0.010987194280000001,
        0.00984790328,
        0.010081403280000002,
        0.010397112280000002,
        0.011580945280000001,
        0.01061936128
      ],
      "memory_usage_byte": [
        30130176,
        30130176,
        30130176,
        30130176,
        30130176,
        30130176,
        30130176,
        30130176,
        30130176,
        30130176
      ],
      "exit_codes": [
        0,
        0,
        0,
        0,
        0,
        0,
        0,
        0,
        0,
        0
      ]
    },
    {
      "command": "joker",
      "mean": 0.00804094088,
      "stddev": 0.0006171240764017489,
      "median": 0.008045737280000001,
      "user": 0.004615,
      "system": 0.0026869999999999997,
      "min": 0.00670236128,
      "max": 0.008892153280000002,
      "times": [
        0.00670236128,
        0.008469070280000001,
        0.008295528280000002,
        0.00803986228,
        0.0074352782800000015,
        0.008051612280000002,
        0.007948694280000002,
        0.008892153280000002,
        0.008575653280000001,
        0.00799919528
      ],
      "memory_usage_byte": [
        30130176,
        30130176,
        30130176,
        30130176,
        30130176,
        30130176,
        30130176,
        30130176,
        30130176,
        30130176
      ],
      "exit_codes": [
        0,
        0,
        0,
        0,
        0,
        0,
        0,
        0,
        0,
        0
      ]
    },
    {
      "command": "clojure-jvm",
      "mean": 0.2957212825800001,
      "stddev": 0.01993533738617189,
      "median": 0.28957325778000004,
      "user": 0.4307719,
      "system": 0.0658189,
      "min": 0.27670352828,
      "max": 0.33709657028,
      "times": [
        0.28020440328,
        0.27670352828,
        0.29803727828000004,
        0.29535119528000003,
        0.28047361128000003,
        0.28007844528000003,
        0.28379532028000004,
        0.30732977828,
        0.33709657028,
        0.31814269528000005
      ],
      "memory_usage_byte": [
        108986368,
        108986368,
        108986368,
        108986368,
        108986368,
        108986368,
        108986368,
        108986368,
        108986368,
        108986368
      ],
      "exit_codes": [
        0,
        0,
        0,
        0,
        0,
        0,
        0,
        0,
        0,
        0
      ]
    }
  ]
}
