{
  "results": [
    {
      "command": "cljgo",
      "mean": 0.0309650542,
      "stddev": 0.0009674738319872943,
      "median": 0.030635833,
      "user": 0.061271599999999996,
      "system": 0.0105297,
      "min": 0.029855417000000002,
      "max": 0.032452042,
      "times": [
        0.029855417000000002,
        0.031267292,
        0.032210958000000005,
        0.030364500000000003,
        0.030756583,
        0.030515083000000002,
        0.029907875,
        0.030283625,
        0.032037167000000005,
        0.032452042
      ],
      "memory_usage_byte": [
        25477120,
        25477120,
        25477120,
        25477120,
        25477120,
        25477120,
        25477120,
        25477120,
        25477120,
        25477120
      ],
      "exit_codes": [
        0,
        0,
        0,
        0,
        0,
        0,
        0,
        0,
        0,
        0
      ]
    },
    {
      "command": "letgo",
      "mean": 0.005180258599999999,
      "stddev": 0.0002046059387935747,
      "median": 0.005107104500000001,
      "user": 0.0031259999999999994,
      "system": 0.0015026,
      "min": 0.004952042,
      "max": 0.005602417,
      "times": [
        0.005602417,
        0.0053568750000000005,
        0.005288584000000001,
        0.005138500000000001,
        0.005311209000000001,
        0.005075709,
        0.004989375,
        0.0050516250000000006,
        0.00503625,
        0.004952042
      ],
      "memory_usage_byte": [
        25477120,
        25477120,
        25477120,
        25477120,
        25477120,
        25477120,
        25477120,
        25477120,
        25477120,
        25477120
      ],
      "exit_codes": [
        0,
        0,
        0,
        0,
        0,
        0,
        0,
        0,
        0,
        0
      ]
    }
  ]
}
