{
  "results": [
    {
      "command": "cljgo",
      "mean": 0.16594396250000001,
      "stddev": 0.005553858559551269,
      "median": 0.1643327085,
      "user": 0.4667293,
      "system": 0.06038410000000001,
      "min": 0.15745166600000002,
      "max": 0.177227875,
      "times": [
        0.177227875,
        0.16439145800000002,
        0.16683250000000002,
        0.16424629200000002,
        0.162551667,
        0.172602542,
        0.16254395800000002,
        0.164273959,
        0.167317708,
        0.15745166600000002
      ],
      "memory_usage_byte": [
        33587200,
        33587200,
        33701888,
        33701888,
        33701888,
        33701888,
        33701888,
        33718272,
        33718272,
        33718272
      ],
      "exit_codes": [
        0,
        0,
        0,
        0,
        0,
        0,
        0,
        0,
        0,
        0
      ]
    },
    {
      "command": "letgo",
      "mean": 0.025290554399999998,
      "stddev": 0.00032154011235379184,
      "median": 0.0252907505,
      "user": 0.0239959,
      "system": 0.0027070999999999996,
      "min": 0.024813417,
      "max": 0.025873042000000002,
      "times": [
        0.025246917,
        0.025873042000000002,
        0.024908334,
        0.025192625000000003,
        0.025339834000000002,
        0.024813417,
        0.025334584,
        0.025662375,
        0.025443625,
        0.025090791
      ],
      "memory_usage_byte": [
        33718272,
        33718272,
        33718272,
        33718272,
        33718272,
        33718272,
        33718272,
        33718272,
        33718272,
        33718272
      ],
      "exit_codes": [
        0,
        0,
        0,
        0,
        0,
        0,
        0,
        0,
        0,
        0
      ]
    }
  ]
}
