{
  "results": [
    {
      "command": "cljgo BEFORE (interpreted core reduce)",
      "mean": 0.6722295667000001,
      "stddev": 0.013588780118272366,
      "median": 0.6657491040000001,
      "user": 2.0436387,
      "system": 0.2688001,
      "min": 0.6522626250000001,
      "max": 0.692518209,
      "times": [
        0.6832580410000001,
        0.692518209,
        0.665320208,
        0.664294417,
        0.6620368750000001,
        0.6820117920000001,
        0.6642948750000001,
        0.6522626250000001,
        0.690120625,
        0.666178
      ],
      "memory_usage_byte": [
        34455552,
        34455552,
        34455552,
        34455552,
        34455552,
        34455552,
        34455552,
        34455552,
        34455552,
        34455552
      ],
      "exit_codes": [
        0,
        0,
        0,
        0,
        0,
        0,
        0,
        0,
        0,
        0
      ]
    },
    {
      "command": "cljgo AFTER  (native builtin reduce)  ",
      "mean": 0.082261679,
      "stddev": 0.0015792360839182156,
      "median": 0.0822800625,
      "user": 0.2112179,
      "system": 0.032426699999999996,
      "min": 0.079800333,
      "max": 0.08526641600000001,
      "times": [
        0.08236512500000001,
        0.081576917,
        0.0803915,
        0.079800333,
        0.08526641600000001,
        0.083114458,
        0.082195,
        0.081469291,
        0.082910625,
        0.08352712500000001
      ],
      "memory_usage_byte": [
        34570240,
        34570240,
        34570240,
        34570240,
        34570240,
        35241984,
        35241984,
        35241984,
        35241984,
        35241984
      ],
      "exit_codes": [
        0,
        0,
        0,
        0,
        0,
        0,
        0,
        0,
        0,
        0
      ]
    },
    {
      "command": "cljgo AFTER, REPL mode",
      "mean": 0.0839647291,
      "stddev": 0.0016897495228978935,
      "median": 0.08406908300000002,
      "user": 0.21730039999999998,
      "system": 0.0333568,
      "min": 0.080703958,
      "max": 0.08607795900000001,
      "times": [
        0.085453333,
        0.084920167,
        0.08449833300000001,
        0.08607795900000001,
        0.08363983300000001,
        0.08231754200000001,
        0.083122375,
        0.08319741600000001,
        0.08571637500000001,
        0.080703958
      ],
      "memory_usage_byte": [
        36241408,
        36241408,
        36569088,
        36569088,
        36569088,
        36569088,
        36569088,
        36569088,
        36569088,
        36569088
      ],
      "exit_codes": [
        0,
        0,
        0,
        0,
        0,
        0,
        0,
        0,
        0,
        0
      ]
    },
    {
      "command": "let-go",
      "mean": 0.046395858400000003,
      "stddev": 0.008350434877507295,
      "median": 0.0429185205,
      "user": 0.0554708,
      "system": 0.0123475,
      "min": 0.040780459000000005,
      "max": 0.068071375,
      "times": [
        0.040780459000000005,
        0.041027542,
        0.040951917000000004,
        0.042326541,
        0.041877125,
        0.0435105,
        0.050871583000000005,
        0.068071375,
        0.047936042000000005,
        0.0466055
      ],
      "memory_usage_byte": [
        36569088,
        36569088,
        36569088,
        36569088,
        36569088,
        36569088,
        36569088,
        36569088,
        36569088,
        36569088
      ],
      "exit_codes": [
        0,
        0,
        0,
        0,
        0,
        0,
        0,
        0,
        0,
        0
      ]
    }
  ]
}
