{
  "results": [
    {
      "command": "cljgo: all-compiled hot loop",
      "mean": 0.09633008320000001,
      "stddev": 0.002474336950758541,
      "median": 0.096039979,
      "user": 0.198311,
      "system": 0.024287999999999997,
      "min": 0.091886916,
      "max": 0.10019175000000001,
      "times": [
        0.095496417,
        0.096069917,
        0.098688542,
        0.096010041,
        0.0941545,
        0.091886916,
        0.0978035,
        0.09462108300000001,
        0.10019175000000001,
        0.098378166
      ],
      "memory_usage_byte": [
        33292288,
        33292288,
        33292288,
        33292288,
        33292288,
        33898496,
        33898496,
        33898496,
        33898496,
        33898496
      ],
      "exit_codes": [
        0,
        0,
        0,
        0,
        0,
        0,
        0,
        0,
        0,
        0
      ]
    },
    {
      "command": "cljgo: compiled reduce, interpreted range",
      "mean": 0.11855472920000001,
      "stddev": 0.004220408923544204,
      "median": 0.11817487500000001,
      "user": 0.29850279999999996,
      "system": 0.038610200000000004,
      "min": 0.113238584,
      "max": 0.126724667,
      "times": [
        0.126724667,
        0.11889437500000001,
        0.119659916,
        0.116657333,
        0.12314775000000001,
        0.117455375,
        0.115625458,
        0.120612959,
        0.113238584,
        0.113530875
      ],
      "memory_usage_byte": [
        34242560,
        34242560,
        34242560,
        34242560,
        34357248,
        34357248,
        34357248,
        34357248,
        34357248,
        34357248
      ],
      "exit_codes": [
        0,
        0,
        0,
        0,
        0,
        0,
        0,
        0,
        0,
        0
      ]
    },
    {
      "command": "cljgo: core/reduce today",
      "mean": 0.6741901918000001,
      "stddev": 0.010938380994792326,
      "median": 0.672566583,
      "user": 2.0581891999999997,
      "system": 0.26258689999999996,
      "min": 0.661287084,
      "max": 0.6941072920000001,
      "times": [
        0.6862002500000001,
        0.6708365000000001,
        0.661287084,
        0.663595833,
        0.674296666,
        0.6830555,
        0.663119792,
        0.6771921670000001,
        0.668210834,
        0.6941072920000001
      ],
      "memory_usage_byte": [
        34357248,
        34357248,
        34357248,
        34357248,
        34357248,
        34357248,
        34521088,
        34521088,
        34521088,
        34619392
      ],
      "exit_codes": [
        0,
        0,
        0,
        0,
        0,
        0,
        0,
        0,
        0,
        0
      ]
    },
    {
      "command": "let-go: reduce",
      "mean": 0.042695121200000005,
      "stddev": 0.005116739227495027,
      "median": 0.041286646,
      "user": 0.05208809999999999,
      "system": 0.0104506,
      "min": 0.039773542,
      "max": 0.057035709000000004,
      "times": [
        0.039773542,
        0.057035709000000004,
        0.0422015,
        0.040470875,
        0.040544917,
        0.040100709000000005,
        0.041013959,
        0.041559333000000004,
        0.042380459,
        0.041870209000000005
      ],
      "memory_usage_byte": [
        34619392,
        34619392,
        34619392,
        34619392,
        34619392,
        34619392,
        34619392,
        34619392,
        34619392,
        34619392
      ],
      "exit_codes": [
        0,
        0,
        0,
        0,
        0,
        0,
        0,
        0,
        0,
        0
      ]
    }
  ]
}
